age,birthday,city,email,name,gender
49,6/27/1962,Razaje,hetho@nuw.id,Brent Ingram,Male
53,1/25/1983,Gevijaj,tuzocpal@zezocmi.pw,Alan Weber,Female
25,4/4/1974,Gatlereb,nekuvi@injudep.de,Vera Singleton,Male
58,11/27/1982,Lepimpom,lofusos@ci.vg,Francisco Soto,Female
28,6/15/1965,Nukebu,asoza@kato.gl,Cora Snyder,Male
52,2/7/1999,Wihmugi,ca@octefiv.mg,Ophelia Garza,Female
46,1/8/1992,Redmedmu,pa@tapu.vu,Florence Martinez,Male
28,12/19/1997,Jatnazfel,witu@kefpaz.me,Lee Moreno,Female
32,7/6/1959,Magseut,fabses@wuhumput.bb,Della Brady,Female
19,2/23/2003,Pupawi,atotot@nedmuc.aw,Inez Floyd,Female
50,1/21/1963,Luebimut,ihiew@ug.sm,Eula Roberts,Female
53,6/21/1999,Awafininu,hot@viik.co.uk,Helena Dixon,Male
20,6/10/1994,Kivokdic,tethu@doka.ai,Seth Goodman,Female
61,2/9/1981,Puukfa,amisame@junuk.mn,Stanley Silva,Female
59,3/12/1995,Hemuvva,zojuh@velgurweg.bb,Barry Andrews,Male
34,3/21/1973,Ifosesno,jut@ke.ps,Jim McCoy,Male
40,8/24/1967,Jowogdo,uv@nuflazci.zw,Olivia Leonard,Female
55,6/23/2002,Isnusnib,roafo@uherevba.pr,Ernest Herrera,Male
30,1/17/1992,Huzela,fezkif@sujir.wf,Violet Andrews,Male
34,4/12/1967,Pupamuri,zi@wowvotka.mm,Joe Soto,Female
39,3/30/1977,Suwlitu,edda@ewhu.us,Carrie Alexander,Female
26,5/26/2000,Risicehuk,fuloc@nartezfab.ao,Seth Reed,Female
65,9/10/1995,Hukiwdu,ogvicjum@domizo.sn,Marcus Lopez,Male
39,3/24/1975,Udapefe,surgen@epaze.mh,Charlotte McKenzie,Female
64,3/27/2000,Kadbicada,onemu@kakahi.ba,Rena Arnold,Female
39,1/26/1990,Barjeesu,hewako@gu.cd,Earl Horton,Male
49,8/26/1982,Sorrudto,eh@kig.md,Beulah Carroll,Female
64,12/18/2003,Ofvihu,luguz@bevzelgij.vg,Carolyn Hamilton,Female
65,5/17/1958,Lejhurguj,peemelod@adudu.ua,Joshua Hughes,Male
41,11/4/1984,Rizanalem,nejcewop@ez.pf,Elsie Francis,Male
53,7/16/1978,Vewool,et@nim.et,Jon White,Female
48,12/30/1978,Awicosgir,ofucescuv@odwupu.cz,Clara Hill,Male
51,1/26/1973,Vumzadhid,jozapda@hitan.sy,Alexander Hicks,Female
42,7/7/1999,Ofafonav,lulhazi@fu.et,Elsie Wilkerson,Male
61,3/18/1995,Tupkiti,gibcafuf@mifwob.hu,Leila Price,Male
53,4/17/1987,Wididpob,ragwuv@if.jo,Eula Graham,Female
23,7/16/1963,Widurow,unhofhu@udcup.iq,Willie Pope,Female
19,5/30/1997,Rianha,bu@du.gm,Eugenia Torres,Male
36,7/11/1978,Taogjuh,nes@cenugof.tk,Henrietta Richards,Female
40,4/25/1986,Jotkawat,kijvog@wifkahez.sk,Harvey Barnett,Male
56,12/5/2000,Ipamtus,cocel@lu.lr,Eliza Farmer,Female
46,11/16/1990,Vozvoub,ga@jufse.cl,Jeanette Jennings,Female
20,6/26/2005,Tezoto,suwpudi@kic.ch,Leona Tate,Female
26,3/9/2005,Bifiwruf,fujdesi@zode.com,Gordon Buchanan,Male
35,6/27/1997,Rorisoc,magocu@galso.mo,Miguel Roy,Female
25,1/21/1990,Dugoltej,pobocsa@vufpogu.bw,Lydia Carter,Male
45,4/2/1978,Olacizo,om@wazu.cv,Owen Chapman,Female
36,6/26/1984,Mublomi,ovsi@wojij.uz,Jesse Poole,Female
32,6/18/1966,Katlegsuc,suog@waj.sm,Jonathan Higgins,Male
21,1/22/2003,Giputkif,loseveh@sivlubud.br,Mason Reese,Female
37,6/12/1968,Lefoguj,bewavjaw@lutkuwi.jm,Bruce Turner,Male
43,1/24/1984,Neasvuf,vep@hok.in,Lucy Mendez,Male
58,12/3/1968,Orilusbic,mizjirdis@mam.ar,Brent Chapman,Male
29,8/10/1978,Fecokwud,kig@wu.zw,Jeffery Todd,Male
48,10/21/2004,Pudotuam,zibmef@pohwovu.ki,Susie Pope,Female
48,11/20/1991,Cuhsopga,zesu@tuknudhu.ar,Michael Richards,Female
29,2/26/2005,Utdemca,ugmomdo@efo.lu,Phoebe Page,Female
38,4/21/1979,Utgojep,cuh@ni.mx,Lucille Walton,Male
26,7/24/1986,Benfeken,kamer@viz.mz,Allie Flores,Male
25,6/7/1979,Nokleiwa,bi@hibgewa.ir,Marc Perez,Female
32,3/26/1978,Huvsigbe,nupeji@vocle.ar,Edna Ray,Male
29,10/9/1962,Ikhefo,puwzano@ihret.td,Martha Romero,Male
27,10/24/1996,Igomuna,pis@te.hk,Arthur Lindsey,Male
18,5/11/1993,Hatziibe,upguhba@huwluas.nr,Delia Johnson,Female
54,10/20/1996,Potoronat,su@miji.cn,Vernon Cooper,Male
58,3/20/1991,Nukejid,okulomec@aguukpa.uk,Garrett Bass,Female
38,6/29/1988,Wipima,disukada@wa.tm,Lester Tran,Female
22,12/12/1998,Tokguza,nijzaf@dankahjej.ms,Verna Hayes,Male
62,11/15/1967,Atotidgol,ova@dirace.cn,Alejandro Walters,Female
57,6/20/2003,Zunzifmig,zojif@cagrinag.hu,Harry Vargas,Male
22,10/2/1985,Detuku,si@rebbujif.et,Harvey Manning,Female
52,1/3/1993,Zojluneh,cugsa@zijhuj.gr,Lina Cohen,Male
47,6/8/1960,Guwustaz,kakjolus@tousogap.nc,Vernon Thornton,Female
49,9/29/1969,Ibomeg,si@opebope.ax,Zachary Owens,Female
55,6/7/2004,Cubuhi,ra@ahoec.sl,Bill Parks,Female
50,8/9/1976,Hibmusam,bupsoj@kulwif.io,Alberta Fowler,Female
21,12/5/2003,Jejamul,zitfik@pod.bz,Lettie Hopkins,Male
19,9/5/2002,Waotejuz,ve@nu.dz,Adam Glover,Male
30,11/21/1986,Lapraola,cebrep@lacetjur.co,Jeffery Paul,Female
25,6/4/1989,Fihukedog,elzo@weizeko.ss,Esther Clarke,Male
57,10/3/1959,Lapipcu,iveviih@gan.pw,Larry Ross,Male
59,3/16/1981,Maimfo,fow@udile.pf,Laura Gomez,Female
65,6/16/1986,Natmuwra,an@suve.ws,Bertha Sharp,Female
59,1/20/1986,Viwmamcug,micjub@viiga.bb,Brett Stanley,Male
60,2/8/2002,Evuazideh,wadmizib@vadaldaj.bn,Clayton Garner,Male
38,1/11/1964,Zacejugu,cak@vu.su,Jeffery Johnston,Female
24,11/8/1965,Guibbi,eri@hudved.lt,Birdie Johnson,Female
43,12/23/1976,Fuwawiaw,webvudhis@garubwi.sh,Genevieve Wood,Female
64,6/30/1961,Etibowo,de@ewbople.ae,Walter Lloyd,Male
42,8/20/1987,Senpucta,ag@enda.ao,Steven Bowers,Male
63,1/4/1993,Ubpepi,lunge@jut.za,Esther Dennis,Male
32,9/25/1993,Uchuah,hu@cov.pf,Cynthia Cole,Male
39,12/5/1971,Peotdu,duhhog@rugkawri.pn,Rosalie Jefferson,Female
42,2/17/1975,Lobatpi,az@adeho.np,Cole Delgado,Female
30,8/22/1988,Nuvcize,pisu@miptu.li,Christina Harvey,Female
40,7/5/1990,Pegaaju,ufece@kep.ch,Katherine Myers,Female
32,7/16/1966,Kelmejam,fa@apito.ee,Victor Buchanan,Female
60,3/31/1981,Fiibupo,sogoeze@gamluved.ly,Edith Harvey,Male
27,5/26/1961,Sopujug,gid@gepgok.ni,Cecelia Ruiz,Male
65,7/2/1976,Cosuda,wuz@kamozu.ma,Wayne Robertson,Female
27,5/13/2002,Lugpeteko,jutag@fofjutes.bn,Gavin Bridges,Male
21,11/8/1981,Deirli,lowuccum@veboce.md,Rodney Williams,Male
37,2/4/1959,Pocruite,kuiteban@mogsus.lb,Adele Simpson,Male
27,5/13/1965,Lolagbeb,haz@fom.bn,Cornelia Hudson,Female
45,10/2/1976,Neceef,locin@owefa.aq,Leo Hart,Female
27,10/14/1977,Tunehpu,tu@doiz.ma,Minnie Jordan,Male
30,4/25/1992,Hiuzpe,sozan@zuc.mo,Louis Owen,Female
55,9/12/1982,Pacipek,fichot@oclez.de,Daniel Wade,Female
51,1/6/1967,Duecuko,ahuvufi@esamewav.pa,Roxie Gregory,Male
34,10/3/1972,Hehufzap,himzobnu@gitrig.tw,Sam McCarthy,Female
49,9/29/1997,Delsepiz,cabegaha@ik.mv,Bertha Nguyen,Male
61,5/17/1962,Seejli,gagruk@kiraowi.pw,Willie Carson,Female
45,6/6/1963,Maujnic,buzadjo@batufpuc.ba,Lelia Swanson,Female
22,9/12/1969,Fatkomnu,azjitja@ucena.cu,Amanda Christensen,Male
61,12/22/1973,Adiabaf,zupmaoba@hebmed.kn,Edgar Arnold,Male
26,3/27/2003,Vumafmi,fuvrof@saf.gm,Juan Washington,Male
18,6/5/1989,Toejru,evogorzav@waguuwa.hn,Barbara Roberts,Female
47,12/18/1978,Pabonaru,daeb@usdes.va,Theodore Hicks,Male
53,10/27/1999,Nurjoceb,la@awduca.mg,Gene Gross,Male
44,1/11/1982,Fufosji,lutid@re.de,Lawrence Perry,Male
31,6/30/1965,Behcigit,oj@ve.kn,Kyle Tucker,Male
52,12/5/1980,Fadpiel,jeb@sizenit.ae,Theodore Tran,Female
36,6/6/1990,Reaplu,fodgon@ha.gq,Ruth Cooper,Female
53,1/8/1975,Jijiwre,hum@gevezasa.bq,Cynthia Coleman,Male
29,7/28/1971,Nodvisecu,zizunis@hihoci.be,Ellen Oliver,Male
61,9/25/1969,Fuzdomu,wufmiju@kehizipuk.ky,Sara Lopez,Male
51,7/21/1968,Nifogbow,ka@zovimof.ir,Alex Willis,Male
61,5/5/1993,Acnezdu,zal@kepezfe.pl,Glen Harris,Female
52,3/17/1968,Fuberwah,apdo@pablot.bq,Stephen Jordan,Male
47,9/19/1988,Baleluk,bebwos@va.km,Frank Summers,Female
63,5/20/1988,Juagne,jozi@gawoktaw.sc,Cornelia McCormick,Male
58,9/15/1976,Lilurak,nul@ho.ne,Willie Chambers,Female
22,4/16/1992,Bigsivu,na@biszejrig.ug,Alexander Glover,Male
64,10/24/2002,Saherupa,nukim@sizkugur.kp,Johnny Thompson,Male
60,12/7/2003,Sujondig,wi@ebula.fk,Don Malone,Female
30,9/30/1962,Tandemnij,memafa@gobzizul.gg,Lou Crawford,Male
63,3/24/1976,Izbufer,ic@ver.aq,Sallie Neal,Female
22,1/2/1998,Hilaffuk,avoeso@gec.om,Georgie Lane,Male
28,7/9/2004,Niwahsi,omele@giszez.am,Georgie McCormick,Male
45,9/5/1968,Ilmehiko,wozac@cohiuco.va,Nellie Pittman,Female
60,7/28/1997,Pabuhow,ihu@sum.ae,Glenn Kelley,Female
65,3/31/1987,Helallet,wekov@ocecuud.hr,Norman Page,Female
62,2/14/1969,Mogogmos,anu@ba.et,Stanley Gutierrez,Female
26,2/1/1993,Nociwa,lep@tavnebol.aq,Shane Stanley,Female
47,10/18/2004,Karzegvem,nobfatuk@be.gn,Ora Barber,Female
46,10/15/1958,Hobevo,alremir@zamdi.ke,Dustin Houston,Male
34,10/22/1976,Julzizba,bov@buldaz.hm,Teresa Simon,Male
18,10/15/1979,Umetunu,puvolile@bojga.gu,Chester Garrett,Male
42,6/23/1981,Bopovgol,futumse@na.jp,Nathan Carson,Male
32,10/26/1993,Ladiwaebo,duk@honkob.et,Keith Wise,Female
39,10/18/1967,Pitosusu,ap@ajboj.wf,Ray Peters,Female
52,12/7/2001,Cunmiiwa,otujib@sajem.re,Maud Cox,Male
32,12/27/1980,Juhofhir,mucon@ihgodem.ye,Alvin Obrien,Female
55,9/25/1974,Nocowta,wecon@ratmuf.lt,Brett Neal,Female
20,10/8/1981,Onobarca,gozkonuzo@iwoapza.yt,John Brown,Female
64,9/1/1959,Jobsonmo,ho@rif.mv,Rhoda Stephens,Male
27,9/3/1965,Jebceklug,morhod@gaur.mw,Alma Duncan,Male
32,4/14/1968,Gikibuh,mirzovroz@gaefi.pm,Elizabeth Williamson,Female
51,4/18/2000,Obovizdir,zilno@tokoba.kp,Dean Hicks,Female
64,11/3/1989,Guedije,foh@zo.re,Troy Clarke,Male
60,10/30/1985,Inauhobi,mauwzu@ace.be,Frederick Fisher,Male
18,3/15/1986,Fonueg,cigumer@sainipuw.my,Mildred Carr,Female
39,6/16/1970,Raisci,givfa@zu.hm,Edith Fitzgerald,Female
45,11/29/1979,Dakoug,zohaje@vigumkut.vc,Minerva Harrison,Male
28,10/15/1979,Fiwwetun,docso@ge.sv,Lucile Bennett,Male
33,6/9/1979,Copgicvi,rof@urril.ec,Ola Hernandez,Female
65,5/16/1973,Moduncu,ruw@urimij.ye,Isabelle Wilkins,Male
24,9/22/1997,Uhisebmu,bid@potvapfo.tm,Mittie Banks,Male
44,11/27/1961,Docjewfuc,nuzro@wa.ch,Glenn Haynes,Female
56,2/25/1980,Wafevam,idava@mimvam.dj,Maggie Hammond,Male
43,8/16/1978,Ikehuru,rundo@ben.pt,Nathan Stewart,Male
48,7/2/1972,Ilewikco,giugu@me.cv,Sallie Harrington,Male
42,11/30/1989,Zidumefop,wulobov@ih.cz,Minnie Knight,Female
39,12/22/1963,Bumajta,im@og.kw,Daniel Gordon,Male
37,3/3/1990,Judubebi,ozmu@polavvec.mr,Edith Brooks,Male
60,1/27/1969,Wuzgeclek,da@ube.ck,Randall Long,Female
57,6/30/1962,Apazuik,deusu@fumef.si,Curtis Lawrence,Male
33,2/28/1978,Nudetiw,ew@wi.sv,Elva Marshall,Male
35,6/30/1983,Marabka,nih@na.mg,Emma Barber,Female
38,4/25/2000,Nocfejcop,co@rujiv.ye,Sallie Barnett,Female
28,8/13/1981,Ulofidhu,cawu@puwrizgaj.gq,Craig Reid,Female
61,7/21/1998,Nidneed,paufaato@jo.se,Essie Taylor,Female
44,5/31/1981,Niwvujik,fonujucu@fed.mt,Lora Phelps,Female
44,7/15/1966,Otatimlu,cuvapcuj@bulfa.bs,Alexander Russell,Female
56,6/29/1982,Todpukca,nuw@cezac.gl,Christine Watson,Male
51,12/24/1993,Ragouk,bi@ire.id,Jason Crawford,Male
53,4/14/1965,Pemidej,cefoig@wi.ae,Dylan Drake,Female
55,5/12/1992,Dumruke,meze@ne.bs,Bryan Kelly,Female
47,4/15/1974,Atokeer,azili@ni.nz,Rosetta Castillo,Male
50,11/11/1964,Sohmarfus,cip@ituwem.sn,Steven Hayes,Male
47,3/15/1985,Hewozup,ac@ceciko.kw,Amanda Douglas,Male
63,10/12/1977,Nounro,fejmipime@zuvuloz.kw,Susan Ramirez,Female
22,12/25/1991,Dinozop,jeh@luvedo.ne,Frank Hubbard,Female
28,11/26/1961,Begnuzej,okojeg@cil.ve,Iva Bishop,Female
42,3/20/1972,Elehejveh,owubul@og.es,Angel Underwood,Female
30,3/2/1979,Lipomzog,togrun@tunezopu.ir,Isabella Parker,Female
51,4/25/1997,Harboca,ga@hegapci.ck,Alice Farmer,Male
65,4/24/1972,Tazodace,cudu@kokir.by,Matilda Wright,Female
37,8/13/2000,Siwvujtuj,ji@caznonuz.ec,Sophie Johnson,Male
43,9/10/1978,Apucitdaj,firumpa@duwlicvet.lu,David Sparks,Female
63,6/8/1979,Jaleiz,so@tos.cn,John Medina,Female
49,11/20/1984,Lohpendo,fabif@segaguja.tk,Chase Dawson,Female
19,7/10/1992,Filugas,horibok@soanire.st,Marc Hines,Female
23,8/26/1965,Dohaju,tuhueh@livgobmu.cc,Jason Howell,Female
44,3/14/2000,Sapuzu,opza@labpolfah.np,Ray Gibbs,Female
37,8/14/1980,Pubasic,hi@hihsajsas.ws,Robert McKinney,Female
25,3/4/2003,Viutakol,uvba@sesap.eu,Minerva Hansen,Male
43,2/20/1982,Niubonu,hohewema@zatcip.et,Willie Meyer,Female
20,3/10/1979,Ragetaw,usojighod@po.cd,Hilda Wilson,Female
32,6/11/1999,Kajjuczo,uhzuivu@nodzeb.ba,Emily Morris,Male
51,10/11/1996,Melwohif,vuezaowi@rip.be,Claudia Grant,Male
44,7/23/1982,Cacotaf,tirar@ruhpo.gb,Eva Strickland,Female
33,5/3/1959,Otabza,polniv@samjot.gq,Ann Lyons,Male
62,11/23/1999,Cerjiho,bozvow@hu.ck,Nathan Lane,Male
58,6/10/1996,Julpiji,rig@pon.uz,Annie Quinn,Female
31,10/31/1983,Ovofemig,soncumaw@ivtouc.ls,Angel Hale,Male
29,1/10/2000,Tazetu,hih@oto.cg,Jean Stokes,Female
22,3/24/2001,Munjivute,jof@fiwu.ru,Mathilda Stevenson,Male
20,11/25/1987,Bonsegic,la@zab.to,Elmer Lane,Female
30,10/14/1997,Ojpembub,lerti@zudivef.td,Evelyn Dennis,Male
34,4/26/1998,Lowecumam,lo@wueh.cu,Ruby Myers,Male
51,7/24/1966,Kuegeim,sebge@zuwa.cv,Raymond Lambert,Female
26,8/8/1991,Wicohem,bumli@emga.me,Jim Hoffman,Female
44,1/4/2005,Tauvabev,wipon@wetcigaf.ge,Jared Hunter,Male
29,8/5/1973,Gabbaza,ovinu@decag.bj,Danny Yates,Male
40,2/27/1967,Ejiakudev,ru@letiwu.mp,Leon Holmes,Female
40,6/27/1980,Remimja,fizen@hiuvobun.mc,Catherine Benson,Female
54,12/5/1959,Issavfup,cegodihi@af.cx,Mitchell Atkins,Female
62,8/25/1981,Ontuba,takbi@vupolih.bh,Josephine Jackson,Female
22,9/16/2001,Benasu,mel@jomku.ie,Nell Page,Female
46,8/15/1994,Figdeab,kur@mathuruw.sj,Howard Bridges,Female
49,11/12/1998,Uweakvu,karuk@jic.zw,Jon Burgess,Female
40,4/19/1992,Liclurof,upadefip@viples.ro,Addie Newton,Female
18,6/20/1981,Fivujpev,batugka@tapluz.gu,Oscar Patton,Female
29,5/6/1969,Bokovru,omav@jekkaece.io,Lenora Ferguson,Female
38,1/22/1994,Vemhoimo,karihkon@obeabso.sk,Micheal Hall,Male
65,11/11/2001,Jujazrav,miatauw@wacon.np,Harold Strickland,Male
57,1/6/2001,Vajoal,winmos@buensut.kn,Eva Porter,Male
56,6/5/1982,Lolafi,isi@comekpe.an,Walter Bryant,Female
28,1/2/1975,Zesimriz,nejiat@firunpel.mn,Lora Boone,Male
44,3/14/1997,Dejhodin,miv@zeb.gg,Katharine Fleming,Male
55,3/21/1973,Salmeos,agbu@cakub.org,Tillie Wheeler,Male
18,5/30/2001,Lavibi,totolis@wus.lu,Kevin Walters,Male
20,2/6/1986,Rapaluba,urokir@hebtenrat.us,Olive Lamb,Male
65,10/18/1973,Tigecoh,bog@rec.ht,Nora Lucas,Male
52,3/9/1978,Nosduku,nuupiho@risil.tr,Oscar Tate,Male
27,1/3/1981,Arsazu,ta@bijogeba.sg,Margaret Benson,Male
55,5/5/1997,Ibemoehu,icfiw@tilinbi.mz,Eric Jenkins,Male
56,8/24/1979,Funepreb,nuc@gahuhub.sr,Anne Gomez,Male
50,9/2/1965,Nifasa,pi@icajep.ls,Jose Medina,Male
36,11/22/1992,Pohuvha,vazgas@mobac.bh,Seth Ortiz,Female
51,11/15/1962,Jihoru,zetehu@wuh.cg,Vera Abbott,Female
23,2/6/1971,Tiwiral,zabej@zuez.rw,Randy Watson,Male
60,6/19/1984,Zobwantit,veipado@jasviewa.edu,Julia Aguilar,Female
31,7/23/1976,Selfuipa,bupsep@is.id,Bobby Hicks,Male
25,4/19/1981,Odenejdat,ic@sof.ke,Genevieve Ray,Male
34,4/7/1974,Utuloko,bi@hafidra.mv,Chris Cruz,Female
21,6/28/1983,Utazouh,od@zipeve.sl,Harriett Becker,Female
58,12/19/1996,Zuwvuwgij,mah@upowij.bw,Lura Gutierrez,Female
32,2/2/1965,Ijilugze,seavda@ijkukki.bb,Jeremy Collins,Female
63,2/20/1993,Hiwduhaw,duz@inpom.mh,Howard Diaz,Female
60,10/10/1982,Kosefgiw,ov@odatoad.vg,Loretta McKenzie,Male
49,3/29/1966,Vumfelnaj,ben@erovavna.kh,Ernest Schultz,Female
40,4/27/1970,Gulwuwtor,uzekocot@gozgov.td,Nathan Lawson,Female
62,11/20/1982,Cacovam,koesi@tuh.km,Nora Terry,Female
49,2/23/2005,Vowsappe,ven@vi.tc,Francis Dean,Male
58,7/27/2004,Fucafeb,eh@pej.so,Howard Blake,Female
60,11/6/1970,Zeloni,goel@fojufuhid.lv,Fanny Maldonado,Male
62,7/10/1980,Hiimasoj,ot@rog.nl,Elnora Freeman,Male
40,3/8/1977,Zopgacid,zegwa@kimju.pf,Kyle Morris,Female
40,2/7/2002,Imcase,obi@lo.ao,Marvin Pope,Male
20,1/1/1979,Cessufelu,ecu@etveg.ck,Isabel Wise,Female
57,6/20/1969,Tajadan,ojada@ro.je,Joshua Parker,Male
63,9/25/1994,Esagondo,zer@var.io,Chris Erickson,Female
34,10/13/1974,Rojabpap,no@ara.vn,Louise Strickland,Female
24,5/28/1965,Okalosipe,vo@fe.sh,Franklin Morris,Male
49,4/10/1987,Raplaviwe,sehe@mi.aq,Gussie Bowers,Female
52,7/2/1998,Norigcor,zedeh@ocato.mp,Raymond Hogan,Female
20,9/29/1967,Ovewaldus,abnon@vel.mu,Cameron Horton,Male
24,1/14/1958,Saneniz,aro@he.gt,Blake Schmidt,Female
51,2/8/2004,Lihobre,nij@ig.ch,Winifred Duncan,Male
27,2/18/1994,Wezeji,wigjof@mec.lu,Cody Chapman,Male
27,6/2/1997,Coztuwe,le@se.aq,John Chavez,Male
26,4/30/1996,Hatinri,zimari@vudhip.zm,Susie Spencer,Male
39,1/19/1985,Budwakgak,be@us.km,Nell Silva,Male
48,5/15/1991,Zavani,ditnic@vangabuh.me,Minnie Lowe,Female
40,1/21/1966,Gibunbu,mutel@ri.mh,Benjamin Keller,Female
50,12/6/1962,Wilpunar,hepjesode@vokac.fr,Essie Martin,Female
18,11/29/1968,Umuvedva,onohe@cettehhe.cc,Sue Soto,Male
55,10/8/2000,Rubiwoc,gow@hofukuve.in,Lida Gilbert,Female
20,7/7/1984,Dejufom,zap@domiflog.ht,Robert Kim,Male
37,9/14/1959,Kieboke,genbusci@me.ai,Marian Hill,Female
58,2/5/1999,Kicpatir,gimew@farwupja.is,Lee Payne,Male
47,6/25/2005,Ijviti,cuf@omci.cc,Wayne Conner,Male
58,5/20/1990,Lifnowfi,irba@afu.tg,Bruce Anderson,Female
58,1/2/1968,Kifonaj,fih@el.vu,Inez Cohen,Female
57,8/9/1963,Ripwadke,zel@hanol.il,Brent Ramsey,Female
30,11/19/1995,Penoep,imdamho@net.nf,Milton Wagner,Female
22,11/6/1962,Ohiwucuf,migved@uzfegi.sx,Dylan Dunn,Male
24,1/11/1980,Femebal,ozigulo@jinivev.mq,Marc Ballard,Female
21,6/17/1972,Sikune,vet@now.tg,Hallie Webb,Female
51,12/7/1998,Asiegvar,oti@ucioboij.tg,Inez Chambers,Male
27,11/10/1980,Bofpunan,hed@pelbof.an,Derek Casey,Female
27,6/14/1976,Utdecu,obsedop@gatpu.fj,Glen Harrison,Male
54,4/30/1965,Ehaezako,fo@cu.ss,Barbara Clark,Male
28,5/6/1960,Butubok,ibuta@raduc.ms,Mary Campbell,Female
61,3/10/1963,Dadohugoh,hi@dud.ua,Ella Wells,Female
56,7/4/1961,Epezeziwo,vuz@buv.gf,Eric Foster,Male
44,7/14/1960,Jusooki,podviken@tatotuiwe.org,Mathilda Carr,Male
58,10/26/1998,Hifsezfuf,lobife@uvuta.pm,Brandon Jackson,Male
55,5/27/1996,Hejfizo,fizeh@tueme.ec,Ina Lucas,Female
62,5/23/1993,Otfapa,kaffeud@ebicehe.sz,Jack Foster,Male
58,12/3/1985,Ukfunbeh,fezic@van.th,Anne Figueroa,Female
35,8/13/1972,Evekumar,wepzedvi@be.cd,Gavin Powell,Female
43,1/10/1975,Hupafwu,ruval@fanlinul.bh,Tillie Lee,Male
56,11/30/1976,Relmerudo,hippaofe@netempu.pn,Lucas Richards,Female
58,11/14/1972,Ugokias,za@tu.tc,Lettie Sparks,Male
21,1/22/1977,Dovizzac,vu@adafawa.bw,Addie Kim,Female
47,5/28/1963,Fevninin,ugo@nok.hr,Amy Bates,Male
60,1/6/2003,Tukliffup,edu@bebdot.mk,Maude Schmidt,Female
30,12/28/1965,Zanuigu,wupmih@apauheve.sr,Sophie Brewer,Female
46,3/20/1965,Ivcovmam,apifod@uh.jm,Justin Hansen,Male
65,10/3/1988,Icebaban,vohsehu@cidatgof.pr,Lewis Fernandez,Female
27,7/5/1986,Rofsatad,ezzamu@defi.fr,Timothy Roberts,Male
54,11/28/1979,Idatukag,fo@bevfo.bw,Harriet Hoffman,Male
38,6/21/1987,Gajonla,sosihe@acceg.im,Jon Hicks,Female
44,3/27/1994,Molubo,uceikbon@jopat.ee,Lilly Farmer,Male
27,6/21/2005,Kuepso,dijzoeze@cubah.pt,Allie Sims,Male
35,11/3/1986,Dazobir,moznomec@he.nz,Jonathan Maldonado,Male
19,1/27/1972,Paliaf,jurva@kohinuj.ky,Theodore Salazar,Female
21,8/13/1978,Kopgagjes,zu@notimdi.hm,Frances Bush,Female
59,12/10/1998,Monajene,za@ugugasen.am,Dylan Bishop,Female
24,11/3/1979,Liuzbah,mo@ecce.za,Eula Martinez,Female
41,12/14/1976,Vuudbo,jifco@ki.na,Tillie Ortega,Male
44,3/22/1991,Hajaveza,pu@luuda.vg,Larry Banks,Female
27,5/28/1985,Jinatwem,rosujhih@bugluskid.th,Katharine Gibson,Female
20,1/5/1962,Nagujib,kebakuno@goraniok.nr,Herbert Fields,Female
30,6/2/1987,Heecobu,zamme@zoeko.az,Gene Baker,Male
44,4/2/1967,Mebhawi,jipub@poazi.us,Bradley Poole,Female
54,12/29/1965,Bunhurut,paratus@vuza.by,Brett Burgess,Male
37,7/13/1974,Lawotaku,ruc@kithuja.sk,Cora Alexander,Female
31,1/26/1998,Mahuda,seeje@et.vc,Angel Stokes,Female
50,2/2/1996,Mocvughe,poejo@gezan.iq,Terry Norris,Male
59,10/30/1966,Larafpar,ke@zon.kz,Lina Cummings,Female
37,9/7/1971,Nemfizpet,gijbuanu@vaczopni.gl,Brandon Lucas,Male
38,6/13/2001,Beltumzar,ca@nisu.sg,Isabel Rodriquez,Male
35,7/4/2005,Gozaoz,wuh@lu.sz,Hester Fleming,Male
52,6/7/1999,Gibippa,tamef@cavlet.vn,Chad McLaughlin,Male
55,11/7/1960,Kosawcuk,rudsoiva@joru.edu,Stephen Martin,Female
52,3/7/1971,Nowadiw,we@ubsaen.eu,Mable Bowman,Female
61,9/9/1988,Fevopnum,avico@damve.nc,Fannie Griffith,Male
52,11/12/1973,Ezlatod,udkas@sona.de,Nettie Colon,Female
62,3/14/1958,Denikgok,ojvilfu@uzujo.sv,Frederick Ballard,Female
49,11/10/1974,Rerone,puw@ko.gp,Delia Stevens,Female
43,9/27/1973,Lelharawo,metgiz@bamarteh.ua,Garrett Walker,Female
60,1/10/1982,Ifmoezi,zuwa@vifuz.kw,Blanche Douglas,Male
47,12/4/1982,Suzgizfuz,vopezsu@mofanma.ki,Don Lyons,Female
48,9/4/1989,Gibaka,up@ucubad.gd,Tony Thomas,Female
64,4/3/1994,Higmazhu,limcuk@ra.bg,Corey Lambert,Female
49,2/16/1992,Lakleraf,duvuchi@reevimub.ir,Gerald Watson,Male
43,7/8/1978,Gevpaatu,bupim@orepozle.vc,Joshua Williamson,Female
64,7/4/1967,Nengocavu,fimo@momun.ni,Sally Ballard,Female
50,8/10/1995,Vampufiv,acamu@negvatuw.hn,Gary Hunt,Male
35,4/6/1998,Agenelge,pedamela@fug.md,Ina Peterson,Female
53,2/14/1985,Liobne,wisim@zapud.ml,Glenn Moore,Female
32,1/13/1972,Ahofonopu,goplanaku@veta.gw,John Hardy,Male
26,10/18/1998,Ceblakih,kal@vivmiwiwe.sl,Louise Garner,Male
63,6/7/1992,Vejpafum,acufuvbi@jutajew.kp,Kevin Murray,Female
21,7/23/1989,Ozpuve,cic@rakahvuw.mc,Craig Fields,Female
50,6/28/1981,Memofat,raedi@immaso.fi,Samuel Gilbert,Female
54,1/21/1972,Roesazu,givi@feobo.so,Bernard Bailey,Male
54,5/19/1981,Bawremjuh,cu@zoena.mc,Todd Summers,Male
37,4/19/1972,Ufrozta,ufege@redufeas.pl,Sam Barton,Male
24,7/1/2005,Savbovmu,tumeg@ku.im,Warren Ross,Male
33,8/9/1995,Ojautjar,vuwob@gi.fm,Clyde Hansen,Male
46,5/11/1964,Duwpugus,oguleg@sonice.ly,Robert Hanson,Female
51,2/1/1966,Nivanle,son@mo.mz,Sue Steele,Female
65,4/14/1962,Dofzimuc,vesav@zoja.ke,Birdie Hunter,Male
44,2/1/1999,Zabireur,tob@diigano.gg,Don Robbins,Male
47,5/26/1986,Togikom,vo@zih.st,Edgar Montgomery,Female
36,1/9/1982,Iskiwes,jenanic@cih.bv,Leah Dean,Female
62,3/26/1963,Amorutne,zab@apo.pn,Lottie Payne,Female
25,7/3/2000,Fecumtec,bujpeni@zak.ml,Lillian Vargas,Male
40,11/17/1986,Zefzatke,midsum@judu.ne,Ida Wong,Male
53,3/17/1991,Ugsaza,ihfin@kedhafvi.lu,Adelaide Goodman,Male
50,2/3/1965,Cimiddan,maz@te.kn,Jon Snyder,Female
54,11/9/2001,Milpekgek,fejkehta@nahuf.er,Gussie Norris,Female
43,2/2/1965,Kopaut,mewpekjez@eva.pr,Russell Banks,Female
65,8/9/1984,Nakekica,zipab@cebzip.sh,Luella Kennedy,Male
27,7/15/2001,Banlovevu,jissos@uwaidjam.vu,Lena Patton,Male
47,9/30/1961,Puglothi,rilhu@evpatu.nf,Corey Jacobs,Male
61,5/9/1973,Ridozpe,apebodel@iftuc.co,Nathan Hopkins,Female
29,11/4/1968,Tetbisen,mekiko@feftohwe.dm,Lizzie Medina,Male
31,11/25/2000,Cacobe,zi@vi.eu,Amy Woods,Male
58,6/14/1999,Omnursiz,jahjeb@pughazzi.nc,Lucile Thomas,Male
18,1/10/1983,Ujketiso,ocuniw@hiojo.mw,Jerome Clarke,Female
47,9/29/1975,Useupge,varoku@fusavgo.mn,Brandon Pope,Female
62,11/20/1968,Tupjecot,fodel@bavol.by,Martha Walton,Male
40,3/15/1968,Tedowir,oheoz@alituebu.nr,Don Lindsey,Male
39,8/19/1995,Opefiti,bi@cesav.mk,Blake Reid,Female
36,11/29/1975,Izgawipi,pesbu@sakle.st,Michael Watson,Female
47,7/13/1972,Marcawi,od@sow.tp,David Farmer,Female
65,11/12/1977,Adzezcu,ipmaedu@utefo.pr,Carlos George,Male
19,3/17/1961,Fuugruh,pullap@doh.pr,Jonathan Soto,Male
59,2/22/1976,Letabtod,jodpuw@kavo.co,Grace Drake,Female
65,7/30/1992,Ohusnen,ha@ruufpe.cc,Teresa Malone,Female
52,12/22/1992,Eboviewe,bamget@pehib.gm,Eula Wilson,Female
52,3/27/1994,Logikwen,gi@gocemo.sz,Genevieve Medina,Female
49,12/23/2001,Talluelo,cu@ukfuj.cr,Chris Fitzgerald,Male
64,6/13/2001,Cikifru,vapezohi@kaeh.ml,Clayton Stanley,Male
63,3/3/1980,Rejapit,mosraluf@caki.re,Harvey Simpson,Female
19,1/19/1960,Tebakci,mepdug@jawlele.gs,Anne Jimenez,Male
64,8/25/1998,Vikevo,bul@ma.sj,Carlos McDonald,Male
33,7/3/1965,Fuhabus,zu@muk.ru,Donald Simpson,Male
63,9/2/1987,Evorujtes,mimehma@baza.cx,Richard Potter,Male
25,8/22/1959,Hojacic,as@er.lk,Isaiah Green,Female
39,5/16/1986,Lavuwpa,izowiid@lulaf.pa,Lillian Manning,Female
35,7/30/1970,Hoekepi,ojigevug@sesab.as,Micheal Hogan,Male
32,4/4/1996,Ciwodpob,ne@wum.tz,Logan Bradley,Female
47,8/10/1974,Okiovuzu,dev@po.do,Alvin Jimenez,Male
63,11/14/2001,Hodinwuh,ko@lubfisel.td,Leonard Young,Female
25,10/30/2004,Ojtize,epuette@nocret.com,Jacob Grant,Male
63,3/2/2002,Pigzeoto,muhid@bife.tv,Catherine Peters,Male
43,6/6/1991,Puhpogo,joikdag@iwumemhe.dm,Elva Roberson,Female
57,8/9/1967,Hoemja,awlin@go.gw,Callie Shaw,Female
65,10/28/1982,Vupegzeb,dol@kaubgu.ml,Scott Lowe,Male
59,11/8/1988,Wapfarumo,ce@benojgis.pr,Rosie Oliver,Female
60,12/10/1971,Wasikew,harangoz@gagih.ly,Edwin Price,Female
35,1/28/1990,Picmafru,ligbapur@cedakug.ae,David Ruiz,Female
20,12/1/1959,Hobmutis,eheemo@hem.es,Rosie McGuire,Female
51,12/15/1976,Zujoofu,jij@awezitba.my,Jeremiah Abbott,Female
64,6/14/1990,Rahevir,ok@saw.ir,Agnes Barker,Male
54,4/28/1993,Hounobi,dephegvo@puc.edu,Anne Burke,Male
55,10/1/1981,Bewocbov,ziw@rubodfe.rw,Joel Burton,Female
23,3/23/1958,Lolkafuw,bid@vi.bh,Lettie Cross,Male
63,6/9/1965,Ridfafu,vu@rejovlel.uy,Brett Elliott,Male
60,9/11/1961,Humziboz,wuhe@refefah.li,Jordan Haynes,Female
18,5/6/1991,Zifojoha,opo@fopoji.re,Jesse Walsh,Female
19,10/1/2005,Zimgovbaf,wom@gumfeb.gs,Eula Valdez,Female
32,10/21/1968,Bezodar,jippem@egmagim.gq,Lillian Ford,Female
40,8/9/2002,Waffohat,sepru@kip.bq,Stella Woods,Female
54,2/22/1986,Hiuveni,su@fus.do,Micheal Goodwin,Female
25,11/27/1968,Ivfozag,hedawnow@jiwijad.nz,Mayme Page,Female
55,10/13/1988,Sejutit,givan@rowlo.hr,Raymond Larson,Male
62,9/7/1961,Sefowo,ijkaz@zohutibo.gp,Cody Burgess,Male
37,12/2/1962,Nagassuh,bahbi@muh.nu,Ricardo Phelps,Female
23,7/23/1997,Vesoor,nonsi@zazrif.lr,Rosalie Sanders,Male
27,8/13/1983,Doacipih,tis@we.cf,Pearl James,Female
58,10/28/1974,Odiltah,berav@wecisob.sv,Jean Vasquez,Male
38,5/8/1992,Pibarli,bo@ek.sd,Dale Owen,Male
48,7/18/1997,Jehesfen,siv@rodut.eg,Phoebe Mathis,Female
64,4/2/2000,Loopib,ij@jecuic.az,Eleanor Nelson,Male
51,4/10/1965,Jimnujak,jecem@lemo.mk,Stella Lowe,Male
35,4/19/2003,Fuzibu,gowpur@ded.io,Leah Rodriguez,Female
44,4/21/1959,Cemazam,kif@bowbewsal.mp,Belle Lowe,Male
63,12/24/1964,Ujivigru,nan@fim.as,Benjamin Love,Female
22,3/12/2000,Gihisej,enubo@pe.bw,Cody Gonzales,Male
54,4/19/1974,Rehaiw,koce@othih.aq,Louise McCarthy,Female
41,10/24/1980,Folisuz,wucmuzu@fiej.zm,Christina Ryan,Male
28,5/12/1960,Godhusep,adwud@vep.me,Martha Perry,Male
36,9/6/1974,Hukuszo,ziimo@wep.si,George Waters,Male
59,2/22/1982,Dukjegwup,fuslam@gawum.ni,Milton Hicks,Male
53,10/10/2002,Hozecoh,afepa@ugituh.sj,Charlie Banks,Female
65,9/25/1994,Otemdez,sarir@put.co,Antonio Harper,Female
58,2/7/1978,Goomipu,ovavef@zisvuj.kz,Mae Floyd,Male
21,7/4/1970,Tuplipri,jec@jewpoz.jp,Leonard Cummings,Male
24,12/26/1959,Ebaugti,pac@indilve.zw,Gertrude Byrd,Male
51,11/28/1987,Wugdofoda,sasec@siz.kz,Corey Weaver,Female
26,10/29/1974,Abfapbu,ucpid@mobe.sn,Fannie Barnett,Male
40,2/18/1970,Kogrumro,zub@epijicuj.gb,Joel West,Female
38,1/21/1963,Zacfaacu,nasut@tazcuz.lc,Helen Holt,Male
58,11/20/1999,Fisiwco,juawa@ko.lr,Francis Wood,Male
57,8/9/1985,Zufnubus,jom@duc.mn,Frank Park,Female
64,6/29/1991,Bidepmis,dedeh@tentedfap.sh,Vera McBride,Female
21,3/3/1965,Divfejad,kokwa@zakwo.er,Lora Diaz,Female
52,1/11/1992,Hejuzruf,rijujaha@kieltu.gr,Andrew Hale,Male
32,3/25/1965,Ciktuwa,bupju@he.am,Mabel Ferguson,Male
54,12/15/1995,Gojowiba,agibob@hide.ki,Maggie Vasquez,Male
60,10/14/1966,Fujepit,odo@nop.rs,Etta Clayton,Male
40,9/13/1961,Uzgupdo,vaj@gegtu.np,Eddie Coleman,Female
58,2/4/1971,Biffate,jaziur@pamorjob.kg,Isabel Bell,Male
43,7/26/1995,Nupnecdo,ro@hefebto.gu,Jesus Francis,Male
21,8/28/1992,Ijekusu,ha@jiarenoc.aw,Phillip Pearson,Male
37,3/29/2003,Sohdopcu,nek@ab.kr,Eunice Goodwin,Female
33,6/24/2003,Ocbojkop,suem@alvawes.edu,Millie Gardner,Male
30,4/22/1970,Kulbifwu,zohuhsoh@haeh.bo,Erik Soto,Female
52,9/28/1982,Ohahamuj,hoome@nit.vu,Dean Ballard,Male
44,4/4/1965,Mozorubu,haadu@hameja.bq,Sue Goodman,Male
40,9/4/1990,Guzpehoro,livfezi@dop.ao,Todd Gardner,Male
58,5/28/2001,Rofehi,novgutof@nukjuz.pt,Cody Romero,Male
61,4/8/2004,Vuuvewi,no@ketloilo.bb,Jayden Higgins,Female
40,11/29/2004,Udedanub,haz@nubageve.mq,Ralph Gomez,Male
52,9/21/1988,Cojzogep,ajpa@hujgaci.tn,Rosalie Rose,Female
25,3/16/1980,Cozovfej,iwawo@cawjewad.il,Charlie George,Female
53,1/13/2000,Jusjizus,udu@rufi.pr,Lillian Stevens,Male
28,8/1/1977,Hujupu,ratujuw@mepuwej.au,May Colon,Male
23,12/22/1977,Vuzovru,fajsuwpo@hune.nu,Teresa Perkins,Female
26,6/16/1989,Cevlahev,kapguig@hohwoto.ax,Ora Hardy,Female
21,9/2/2003,Esaijiahe,ke@ufazez.ie,Vernon Santiago,Female
64,11/9/2002,Huznetole,zeedusi@peuce.gy,Ricardo Porter,Male
54,2/27/1962,Ukavejro,zomizag@ce.ps,Tillie Simon,Male
26,3/18/2000,Iptaep,bo@pulevi.cc,Jose Cain,Female
57,3/19/1995,Jekcemhad,rorfube@kojgafrup.net,Rena Parsons,Female
31,1/1/1972,Cudipu,avwogin@serhupa.sx,Frederick White,Female
61,8/7/1980,Tukuddec,gabvum@das.ee,Mary Roberts,Female
49,2/7/2005,Sifupfow,dimsagev@umivawo.bo,Warren Norton,Male
30,4/8/1965,Idteccec,ikduvsaw@uvavipjo.bv,Harry Haynes,Female
36,10/22/1979,Wejewe,mi@vesure.gp,Lilly Clayton,Male
33,3/25/1994,Wafagbo,egpunsu@koj.ci,Grace West,Male
50,3/1/2001,Nokvebbe,ihut@vikvan.dz,Francis Guzman,Female
64,2/22/1978,Ejacokke,ek@mic.iq,Olive Adams,Female
28,10/20/1986,Jidomi,nar@jovo.li,Bernice Webb,Female
55,3/3/1965,Ovigbi,lomuwwu@dicu.com,Ann Gordon,Female
23,7/22/1987,Opiutibit,ufnu@ar.net,Leo Fuller,Male
22,7/13/1963,Mirivezo,amde@ep.tn,Jesus Joseph,Male
24,9/4/1984,Vadruper,sufa@vez.bd,Cornelia Boyd,Male
21,12/21/1976,Homgegab,viojva@ezucocve.ro,Jerry Fields,Female
46,11/6/1987,Elamelhen,kep@kovwik.za,Herman Porter,Female
49,3/2/1978,Kunufe,zodnotihi@ki.cw,George Murphy,Female
52,3/15/1967,Urovijge,wij@ekjiz.pr,Mayme Singleton,Male
19,6/1/1996,Vogoguw,achaah@no.bi,Hallie Collins,Female
54,3/19/1958,Ketesof,rovvisbu@maze.ck,Sam Alvarado,Female
40,10/18/1977,Nugolon,ki@zuder.sh,Leah Jordan,Male
25,5/5/1994,Mumadnez,rahcu@romis.km,Genevieve Glover,Female
65,1/27/1968,Nigfawu,juwzicu@nat.gw,Eddie White,Male
23,1/4/1996,Ehehefe,oja@bumrucje.ms,Glen Baldwin,Male
57,9/1/1989,Irekimnon,urfamew@engi.lv,Adam McLaughlin,Male
45,9/19/1967,Baoswi,bi@afobiupu.om,Leona Bryan,Male
55,6/9/1992,Rekguffi,poopa@lub.ie,Gerald Reid,Female
33,7/4/2002,Jisebrul,bitel@vijlo.cw,Derek Barber,Female
55,4/11/1968,Ogifisud,bub@ce.pe,Ernest Clarke,Male
29,12/23/1964,Ewlorjo,bujavbo@jec.as,Bradley Farmer,Male
43,6/4/1992,Padjoib,zad@rud.rs,Theresa Edwards,Female
59,7/8/1968,Posmulo,ina@ijfonto.mp,Peter Warner,Female
39,8/17/1973,Cadenhew,fe@ak.om,Myrtie Jones,Female
57,9/16/2004,Razzapaz,ura@na.pn,Chad Reese,Male
54,12/7/1993,Popatow,ma@izcosidu.bw,Derrick Gregory,Male
18,4/11/1974,Lubloszik,jikhi@gidizfem.al,Katherine Byrd,Female
44,12/12/1960,Liusuic,we@ajmuvmen.mp,Garrett Marsh,Male
49,8/21/1989,Losulfos,ruhohnej@rorkujo.tv,Elmer Kelley,Female
35,12/14/1989,Ihsokmer,suvicos@ponwale.bi,Marion Russell,Female
34,10/13/1993,Jojpagkoh,boob@vob.bi,Josephine McCarthy,Male
55,6/13/1982,Wiujufa,karu@zo.py,Antonio McGuire,Male
49,5/27/1979,Ivewido,lienme@etmiz.lt,Jesse Duncan,Female
42,3/30/1986,Weteico,ab@gebjoheh.mz,Catherine Klein,Female
39,3/13/1978,Tipnadmo,enibi@sinsurpu.cv,Victoria Day,Male
20,1/26/2003,Fidikuz,neboj@kiatzuf.eh,Harriett Moody,Male
40,9/11/2004,Widuvpo,es@hungiogi.ru,Dora Wagner,Female
35,7/18/1974,Lamaodi,bodiwoh@pomtava.sy,Lucile Little,Female
22,1/14/1979,Sefovo,fes@lesuj.vc,Ernest Davidson,Female
51,7/14/1970,Zudhutwu,dusef@tabpagoc.uy,Rodney Cummings,Male
60,12/8/1989,Tunidifin,kesinhe@tofra.ht,Roger Stevenson,Female
45,11/23/2003,Biroskiw,ugjogba@dajon.fr,Ray Zimmerman,Female
29,4/8/1963,Huzharu,uvavuwi@kogu.im,Edith Torres,Female
58,3/9/1958,Dosofsuw,fiposuj@ulni.to,Jeremy Perry,Male
62,10/10/1969,Copfiuh,buz@wa.vc,Hattie Simpson,Male
59,4/14/1989,Biknorsid,segife@gadziw.mx,Dale Jennings,Female
23,6/26/1984,Teroazo,pitdarale@maej.vn,Grace Mann,Male
46,7/14/1959,Hirisoor,gobif@vofepenu.tw,Essie Dixon,Female
18,3/8/1976,Egafisar,nicvo@ji.de,Maggie Fox,Male
52,7/24/1977,Necazuh,huhefes@viewo.th,Nancy George,Female
36,1/12/1958,Favnagod,vowarpem@fuegi.dj,Nancy Henderson,Male
52,12/6/1973,Resizpo,jolen@diso.bi,Jeffery Roy,Male
61,1/17/1968,Deemja,vu@uregu.gp,Isabelle Harmon,Female
51,2/17/1975,Hasupok,zoak@vi.gb,Ida Murphy,Male
38,6/10/2005,Gaibcu,emku@ravkesma.pn,Lucas Luna,Female
28,5/21/1988,Pirritko,suzida@vaz.ch,Eugenia Robinson,Male
23,2/22/1993,Hedukew,aspis@ora.dz,Tillie Williams,Male
62,9/11/2001,Wuzwujo,vojcamcuv@lueh.lt,Oscar Schwartz,Male
42,9/9/1987,Efkusmu,hijmipi@wetar.ao,Alex Holt,Female
59,2/28/1996,Usajde,hutub@ameca.dz,Lina Fox,Female
35,7/31/1968,Gefpiwip,vi@cebda.to,Clarence Greer,Female
58,12/30/1997,Atufezo,ucapiira@demecev.gt,Virginia Park,Male
49,2/16/1976,Zapazca,kez@wap.gh,Stanley Lamb,Male
44,9/11/1975,Bankati,nev@netowa.st,Winnie Henry,Female
40,3/4/1968,Umuniwja,tellat@pat.bs,Harvey Goodman,Female
60,6/29/1997,Ibocji,mu@wetfaboh.bq,Gordon Morris,Female
46,2/1/2003,Redtowu,wokew@hugcu.bt,Landon Lawrence,Female
36,5/10/1973,Pirgemu,foezu@getpetan.gg,Jose Pearson,Male
42,6/22/1979,Ujiirce,cure@vam.zm,Lettie Frazier,Female
18,5/19/1986,Kegofe,semuna@jorumew.tv,Lucille Moran,Male
37,3/18/1969,Mururaz,fukjipepe@po.li,Minnie Marsh,Male
33,9/16/2001,Absoim,wovupvu@vem.ag,Etta Burke,Male
25,9/5/1971,Namoscu,zok@atiwu.cw,Devin Schneider,Female
32,11/21/1997,Moletu,renmicge@sagabgu.rw,George Adkins,Female
49,5/9/1984,Avoagoko,vi@elpak.kh,Oscar Copeland,Male
24,11/3/1971,Opikesi,vo@zugav.sz,Marie Francis,Female
35,4/6/1985,Hocrofwa,wubanu@muj.cx,Bess Stokes,Female
62,10/18/1969,Elkacted,wu@fetto.tj,Elva Doyle,Female
50,11/23/1984,Evajise,cozutce@hesakogaf.pt,Earl Guzman,Male
28,8/6/1967,Doervuc,rangeiga@negoginu.mn,Evan Patrick,Female
50,12/28/1991,Limidlit,tes@atoimo.ee,Mabel Jacobs,Female
59,7/26/1969,Powawsa,kupiguf@mucfupta.ga,Emma Ortiz,Female
31,11/4/1979,Favgowow,ohoh@jeusolew.nc,Ethel Montgomery,Female
32,11/30/1970,Jabalboc,maehe@rupdeflin.io,Ida Hammond,Female
22,11/1/2002,Hippabas,ota@megekicag.gp,Linnie Glover,Female
59,5/10/2005,Ofafabki,soj@sipzi.lv,Gertrude Fletcher,Male
36,6/29/1961,Sogirso,jocugfi@funezi.yt,Katharine Watkins,Female
23,10/23/1969,Ehdocfas,rilotifa@pizaze.bq,Emma Caldwell,Male
38,10/24/1974,Hubirzij,huvek@bagme.fi,Ethan Woods,Female
18,4/4/1984,Vuwboha,tukepazu@otku.rw,Willie McGuire,Male
45,2/6/2004,Ujmorvu,jatarta@ruogo.mm,Jackson Mullins,Male
61,9/27/1985,Obrucu,tig@jaimu.yt,Ola Banks,Female
57,10/28/1977,Viafin,he@um.ps,Cecilia Silva,Male
52,6/19/1997,Imuvipu,tob@fe.yt,Rebecca Ruiz,Male
55,7/13/1978,Nalojeg,nibwias@ba.li,Gilbert Carter,Female
44,7/29/1987,Jacbofes,evto@zo.hk,May Hopkins,Female
39,9/6/1960,Gofohofa,bodir@lurrok.ni,Leroy Vargas,Male
47,2/11/1976,Lisucede,fut@hivju.kg,Harriet Lyons,Female
59,2/28/2000,Kaunno,vev@ku.gov,Cordelia Russell,Female
26,10/7/1997,Azaviruc,mahbooc@eputihe.bj,Ernest Maxwell,Male
43,7/16/1972,Ibpawed,zoddiri@komescoz.io,Claudia Palmer,Male
55,10/10/1994,Pubwawa,ewwope@aso.uy,Don Dixon,Male
38,7/6/1999,Howsawa,lafwaw@ufa.sh,Derrick Patrick,Male
25,5/8/1994,Epvoze,jugori@vausdof.ar,Violet Moran,Female
36,12/4/1981,Cipafad,for@zuh.ie,Jean Cannon,Male
34,7/4/1965,Gudios,leedova@miet.vi,Virginia Martinez,Female
36,7/1/1982,Vodumta,mumawi@epgojo.mp,Daisy Allison,Male
64,12/13/1965,Unenenag,nurhat@hom.tk,Alberta Valdez,Male
64,10/21/1996,Luzabi,girkup@uvvage.as,Alvin Reynolds,Female
29,8/27/1995,Ezkifut,giwulu@jiunidi.je,Alan Parker,Male
46,9/3/1978,Geatureg,si@avifiv.sa,Della Hart,Male
35,5/27/1995,Moritja,ledcad@peru.bv,Essie Bass,Female
27,12/8/2003,Vojdaga,gebgoc@vimikubo.ir,Ethan Ward,Female
61,5/24/1977,Ramegas,guna@uze.ae,Sean Lamb,Female
58,5/22/2004,Aheiztim,ga@sutjutu.pg,Lois Mason,Male
19,9/30/1971,Movilcar,gari@noc.kw,Alexander Weber,Male
33,2/25/1962,Iwiavjav,jazi@ok.gh,Jesus Williamson,Male
64,1/12/1983,Vuribed,jelewpo@men.no,Melvin Morales,Female
64,4/18/1965,Cavarfu,pijibvit@wefca.dm,Curtis Reed,Male
54,10/17/1960,Veftosunu,pan@kanis.sc,Jeff Bradley,Female
52,1/5/1958,Lasnibfav,pujmobom@rezwu.mq,Derrick Johnston,Female
42,5/15/1968,Sebider,jo@riuhopop.nr,Ethan Goodman,Male
44,11/21/1962,Rasozo,gadazet@mirep.sk,Carl Allen,Male
65,5/4/1964,Sewewa,cagep@vu.nl,Luke Wolfe,Female
41,3/21/1971,Niozhe,tebutu@vajdovse.dk,Jordan Dawson,Male
39,7/30/2004,Dimpakum,jegmaba@rik.ss,Edna Erickson,Female
62,1/8/1958,Mirwogig,ocmuw@afolafnec.in,Milton Santiago,Male
20,1/2/1987,Ikiinfa,uj@mivtozvu.sj,Rodney Bush,Male
46,5/22/1988,Imiurfu,wud@rata.jo,Marion Knight,Male
60,8/10/1988,Bepokuwu,cipne@wuosooka.ky,Emilie Patterson,Male
56,11/30/1973,Sikicim,tatwiv@oki.vg,Elijah Stephens,Male
56,8/25/1980,Riagemi,pukabosu@zu.su,Lydia Steele,Female
24,8/29/1970,Uleevuzu,bekemij@kiwcu.uz,Ian Watson,Female
35,4/26/1971,Ihtedko,paduer@sefucas.my,Nora Webster,Female
34,5/19/2001,Fabereta,romzov@hurbopsub.cv,Lola Payne,Female
48,4/2/1989,Lesgujzoz,depniltu@sad.bh,Warren Hodges,Male
40,5/14/1987,Verokili,vumdul@gezahguh.cn,Manuel Jensen,Female
53,8/6/1989,Omnuri,mog@fenij.ms,Elizabeth Abbott,Female
42,1/23/1988,Cafofop,ri@lew.eh,Susie Johnston,Female
51,9/12/1986,Omohizak,imu@sovguh.pn,Gene Christensen,Female
33,7/5/1985,Jeririno,copwifucu@re.fm,Fred Cook,Female
61,8/16/1969,Rinunukas,cuho@rom.ge,Dominic McGuire,Female
58,5/28/1963,Inrure,ced@aviheese.bg,Janie Smith,Male
41,1/5/1958,Davandum,liftipew@razkave.ni,Vernon Clark,Male
51,9/8/1970,Elsojopi,uzi@icikob.mx,Cornelia Klein,Male
45,4/20/1971,Ziufzah,up@zif.ss,Rosa Morris,Male
30,6/23/1991,Dajorok,ket@gelham.sd,Sophia Obrien,Male
34,3/20/1958,Pogtetat,vuv@veldospa.se,Mayme Singleton,Male
19,5/5/1966,Ovliwok,foamaced@duv.gf,Myrtie Herrera,Female
29,2/4/1967,Voovude,uz@pef.bt,Calvin Carr,Male
32,12/23/1969,Losiop,oggacunu@hab.tr,Arthur Cunningham,Female
53,11/11/2004,Wovitsi,haokap@wur.la,Lottie Becker,Male
32,9/6/1984,Giwkikuh,kegak@ejisavej.gl,Ophelia Dixon,Female
51,6/12/1977,Aztusu,dogretuh@guvrepih.om,Mitchell Rodgers,Female
51,9/5/1965,Gihuhaz,zik@uwrav.nc,Sara Morrison,Male
57,8/18/1989,Rigcuzli,zola@geca.gu,Antonio Sims,Female
46,2/24/1994,Uwevoek,dakis@rutowid.pn,Harvey Owen,Male
43,2/6/1967,Ibumuvuw,pake@nome.ec,Vincent Strickland,Female
45,10/2/2002,Iweapze,wohun@of.ph,Landon Strickland,Male
22,2/19/1983,Hitamu,koka@so.za,Clayton Hall,Male
41,11/1/1962,Pomaggo,av@ga.bw,Stella Roberson,Female
42,11/26/1977,Amebolpus,avuneke@cejvi.ad,Carrie Jimenez,Male
31,2/21/1994,Pavcegaju,ja@zop.vn,Samuel Mitchell,Male
34,4/2/1958,Togbigboh,haza@rel.il,Brian West,Male
30,9/21/1985,Gocfonsok,behew@vuhviur.sv,Isaac Bass,Male
21,11/29/1982,Vakciros,zaphemel@kemrej.tz,Marc Adams,Female
40,9/8/1980,Wadlasta,rovizifug@kovo.cg,Mathilda Moran,Male
35,4/10/2000,Zursugah,fo@funivejev.cc,Lizzie Stokes,Female
56,6/16/1962,Idniari,jo@reiwpi.tg,Mildred Summers,Female
26,2/21/1958,Jagsujso,diwen@harip.lu,Willie Arnold,Female
33,4/29/2003,Nijtalu,tuafo@zul.au,Virginia Edwards,Male
59,9/6/1978,Osapimfuf,pa@giniwaovi.sn,Michael Hines,Female
22,12/6/1980,Bijahze,sagi@bu.aq,Jose Gomez,Male
29,12/24/1976,Kugzikre,um@guwroret.si,Christopher Christensen,Female
64,8/31/2001,Overarid,def@fizan.dk,Genevieve Dawson,Female
33,8/4/1972,Agremim,mu@wibsi.ax,Jerome Schmidt,Male
62,12/31/1980,Avmogzu,cukzamaca@visjucare.id,Leila Chavez,Female
63,2/15/1994,Dabusah,teszo@ina.hr,Mollie Price,Female
25,12/25/1959,Raranfi,leopojef@narovbi.ai,Sylvia Burgess,Male
43,8/26/2001,Jewasbu,jurkologa@tuw.in,Patrick Pratt,Female
44,8/14/1997,Eluwulmu,tajbadop@nufo.me,Brett Reynolds,Male
27,7/22/1989,Zovcicig,ebeove@zapcow.bh,Eugenia Shaw,Male
51,4/7/1982,Ninguskam,li@igeraknit.tv,Mason Roy,Female
62,11/4/1981,Zipmumoc,uj@jefe.ph,Kathryn Horton,Male
32,5/26/2005,Limzuwi,osehuda@jan.bh,Thomas Fox,Female
38,6/24/1972,Avazakoz,mud@ozeodoobi.ua,Henrietta Pope,Male
65,12/3/1995,Fufdoniz,lil@evano.yt,Richard Carter,Female
62,8/20/1980,Viregak,ufa@me.mc,Joel Perkins,Female
29,10/25/1977,Recpenkur,kuru@ogvomzu.ws,Dale Coleman,Male
37,1/14/1996,Ocosior,oci@pojilo.gg,Ina Schwartz,Male
31,5/24/1969,Bobebiho,vumkaw@butit.ps,Esther Gill,Male
32,11/5/1991,Ajukuhrep,atfeh@kuah.by,Blanche Marshall,Male
26,7/10/1985,Nukunoba,buwuh@idleg.br,Jeffrey Flores,Female
49,4/13/1990,Jevefa,pa@lonadca.pl,Carlos Morgan,Female
38,11/27/1991,Vodmoid,nacitizib@ozikohtis.org,Gussie Cooper,Female
32,11/10/1992,Fuhbeda,tiv@bejogumoc.tf,Betty Carter,Male
51,10/20/1993,Rowroge,tovimu@zi.mh,Juan Owen,Female
33,9/21/1972,Dubouki,wi@ube.iq,Aiden Carr,Female
55,2/13/1996,Luvedhi,puf@fi.ie,Blake Norris,Male
22,2/4/1990,Cuzutzom,sefiheb@cu.ax,Lottie Davidson,Female
61,7/13/1998,Ujugito,ma@gouti.nz,Ollie Jones,Female
36,5/12/2005,Ukmorem,guzwu@acwufi.pm,Olivia Horton,Male
35,1/27/1965,Hidceam,kiha@raov.cv,Corey Ballard,Female
21,8/23/1992,Pofihtod,oka@he.no,Lettie Curtis,Male
37,7/2/1976,Meskiliz,afa@beg.nr,Lawrence Aguilar,Male
53,9/6/1996,Caawop,wijofolu@lebzu.cn,Curtis Webster,Male
37,1/31/1981,Ruabme,awremem@jigel.af,Lucinda Gray,Male
55,5/9/1975,Litzoaz,zerupu@navehiuwi.tn,Adelaide Patrick,Female
25,3/31/1973,Fedolto,dur@gorto.la,Theodore McKinney,Male
21,3/28/1996,Holezigu,taftajona@awhu.ag,Gussie Matthews,Male
51,9/13/1992,Ipageczez,iroze@ful.yt,Larry Tran,Female
33,6/4/1973,Peorsoh,ozousa@gagtud.ne,Maud Zimmerman,Female
42,11/11/1979,Fuktamga,micur@gicgimnu.tn,Lettie Harper,Male
47,6/1/1968,Viavre,usadsut@uwekas.bh,Alice McCarthy,Male
45,8/15/1962,Vunhejug,inekecuzu@safiv.sa,Jeff Hernandez,Female
34,6/30/1988,Ojhobaj,pafwim@japusoj.mo,Della Pena,Male
64,1/19/1969,Cibavu,ormiguh@bene.bq,Steven Daniel,Male
48,1/9/1987,Kemsafa,ilote@mufedit.gf,Dean Walker,Female
29,7/14/1971,Tundivema,gaz@tozifroj.vu,Fannie Lynch,Male
62,10/10/1970,Nojguwfol,mehad@wa.hm,Randy Tyler,Female
24,5/23/1962,Kesjeset,daw@kemic.mv,Cora Stone,Male
36,4/27/1963,Odnefoh,ome@ruz.se,Eric Rivera,Male
37,9/17/1985,Igowober,sahcumreg@datpi.af,Amelia Moreno,Female
34,1/1/2000,Finokte,oju@jozbap.is,Myrtie Greer,Male
42,3/10/2003,Inohetho,puw@bium.tw,Ralph Daniels,Male
38,6/13/1993,Duboef,ehe@le.co.uk,Ada Hamilton,Female
60,1/4/1990,Uzezoudo,fu@salbiki.pl,Nathan Lee,Male
27,10/4/1998,Gujkiudu,wowvahos@weretvuh.mo,Shane Long,Male
29,10/7/2000,Onojebapa,riwaza@wudizi.ba,Christian Lamb,Male
56,7/22/2004,Afleso,ziztuf@pod.tf,Albert Webb,Female
46,7/3/1964,Vudnefa,vava@luhbo.dj,Bryan Carr,Male
39,7/13/1992,Lagfiper,rebucod@nodohiber.qa,Noah Boyd,Female
63,3/24/1962,Faivugos,we@co.is,Rosetta Sims,Male
45,2/1/1983,Arfunoj,azohiptup@puk.dm,Cody Owen,Female
35,1/8/1962,Notbuvom,nuopji@fup.hu,Olive Alexander,Female
65,8/25/1964,Zikgivzud,sezlumos@rizaz.ir,Ivan Lyons,Female
49,5/11/1996,Riabaako,cignef@zouruhi.me,Billy Carroll,Male
21,12/24/1991,Jemideifo,deeba@sir.ly,Adrian Jackson,Male
35,6/21/1971,Ekitari,su@def.pa,Victoria Wilkins,Female
49,8/6/1976,Rezubij,te@kawlu.py,Mollie Mendez,Female
40,3/29/1978,Igigohwac,wumeevu@livcinijo.bm,Cornelia Campbell,Female
18,1/30/1999,Letemut,kawo@ji.es,Gertrude Mendez,Male
40,9/11/1959,Cipocfil,inecazo@zovrodfo.net,Derek Walters,Male
28,2/17/1965,Jijica,meg@itorisvuz.gov,John Carr,Male
51,9/1/1972,Limpajub,nuv@bejethul.fi,Marie Shaw,Male
48,8/17/1999,Ipsuvha,gegacji@favwip.de,Mamie Atkins,Female
33,3/2/1999,Carlobpub,dofodci@pi.kg,Jackson Burns,Male
65,11/14/1974,Noekeesi,gab@hakah.com,Josie Gomez,Male
30,8/1/1969,Igpokap,bi@vev.do,Iva Malone,Female
21,4/14/1967,Jiwduuwe,eteki@wooc.de,Mable Walters,Female
37,1/14/1975,Mulpilcap,umaved@mod.pr,Florence Castillo,Male
50,2/1/1978,Zezazlir,cekkutez@homtupi.jp,Katherine Clark,Male
42,2/10/2004,Vejirvav,fa@fofuv.dz,Steven Jefferson,Male
31,9/3/1978,Orvora,bilna@mi.er,Leonard Castro,Male
43,12/25/1995,Ugokudu,gafe@wadeca.cl,Rose Richardson,Female
18,10/8/1982,Muvulat,epe@gu.ba,Harvey Ford,Male
19,8/6/1998,Recelre,evuco@za.th,Noah Rhodes,Female
60,11/23/1997,Usjofet,bomowam@muz.bd,Aiden Cain,Female
23,2/26/2003,Tutcako,arilvob@mivafha.me,Russell Higgins,Female
58,1/23/1976,Manulhaj,hor@zehaf.ls,Ruth Mendez,Female
24,3/27/1972,Sipojow,caz@wo.cy,Ida Green,Female
46,12/11/1986,Joudjup,zemsufgug@ruhuj.mc,Lily Carson,Female
48,10/27/1971,Pacawmor,jiwcem@pe.be,Johanna Sims,Female
53,8/27/1974,Beodmum,et@toco.nu,Millie Austin,Female
58,9/20/1999,Horukibah,colo@roh.in,Flora Mendez,Male
50,6/10/1991,Amaijiik,ocevamas@ilieggaj.bb,Nancy Campbell,Female
59,9/11/1976,Wuegcan,kij@pog.lu,Violet Henry,Male
61,2/26/1964,Apelazoz,ok@imihum.fo,Frank Terry,Male
45,5/19/1976,Zisvaku,zoipeg@jaco.net,Elijah Gray,Female
31,12/9/1958,Sipzaki,ig@zucam.tw,Benjamin Hale,Male
54,3/29/2002,Biwtaaho,ufudisic@gosruul.ge,Isaac Patterson,Male
53,4/15/1975,Satkipji,tibirezu@ejlodsu.ma,Roger Harvey,Female
56,3/20/1959,Rosonan,lub@uzmofuz.be,Glenn Mendez,Male
35,3/18/1973,Ciwposup,ke@urow.ec,Billy Moody,Male
35,10/7/1988,Anisucpif,hirurte@bihse.pn,Joe Torres,Female
27,10/23/1965,Melitga,wo@gi.mp,Sophia Black,Female
48,11/27/1991,Orwugoz,lohezwu@ceg.bq,Jon Meyer,Male
64,12/18/1963,Ludmeom,us@kepa.ae,Jeff Cooper,Male
51,5/1/1958,Rahuvi,puwis@mov.cf,Rosa Baldwin,Male
58,5/23/2002,Rokodul,favlule@ih.zw,Christian Price,Male
60,10/5/1974,Veaneulu,cik@jezpapel.aw,Nora Hudson,Male
47,7/25/2003,Lekeuj,vevcif@zovepueza.mv,Isaac Keller,Male
36,1/24/2000,Lehcivsi,udo@tirude.nf,Jesus Bailey,Male
40,6/7/1984,Mawbuhuz,junpis@us.kz,Leah Garza,Male
34,4/24/1960,Puzriznu,udmar@jedson.it,Clayton Cross,Male
23,11/17/2000,Guppempup,ojfi@zajgi.mc,Mamie Brock,Male
21,7/14/1983,Ipemopu,ono@zas.hr,Hilda Houston,Male
35,11/4/1985,Hefacfu,pi@seldij.sn,Gabriel Ball,Female
56,3/19/1984,Namudni,calcifu@juobicuv.fr,Theodore Hart,Male
44,12/5/1995,Sitifso,imace@lace.pe,Keith Neal,Female
23,5/9/1971,Ebokihkek,ziz@agunekdij.tl,Virginia Gregory,Male
27,8/2/1991,Julepmi,cumoske@bojko.bi,Olivia Wilkerson,Female
29,12/3/1997,Hacovok,irueb@noh.nz,Adele Patrick,Female
62,9/19/1989,Jurgipceh,wocezter@heuficov.eu,Eleanor Lewis,Male
37,5/21/1984,Zermiwub,ucrozonu@cezamito.su,Maude Parker,Male
56,5/18/1983,Tecotes,me@jelte.io,Rena Silva,Male
43,4/16/1987,Walablo,duponeg@sit.ag,Howard Alexander,Female
26,5/10/1968,Duvweic,eh@julipnez.lt,Cynthia Bryan,Female
44,5/7/1959,Sofrejup,ol@epa.th,Troy Gill,Female
41,1/7/1977,Tofaewe,feoc@si.hr,Henrietta Terry,Female
23,9/29/2002,Mevmaek,ociekoaf@wanak.fj,Verna Murray,Male
32,5/13/1972,Sakpukop,tudbiw@ah.gw,Ralph Brock,Male
50,6/25/2000,Ledabep,lerawak@gaduer.as,Nina Christensen,Male
20,3/14/2000,Utiziek,ri@tes.mv,Lettie Powers,Female
44,4/3/1974,Kozuera,no@sebliur.kp,Hattie Bell,Male
26,9/26/1975,Guvawta,foesi@foovja.uy,Zachary Andrews,Female
27,2/25/1989,Ijuaddef,siwozo@zudu.cu,Bernice Jimenez,Male
19,2/24/1988,Dawnifok,sada@ikahal.gm,Jimmy Ferguson,Male
42,10/28/2002,Muiziila,votse@omcebni.la,Helen Santos,Male
61,1/4/1988,Rarwimgu,mebrop@ma.su,Richard Reyes,Male
22,9/8/1999,Vamdumsem,haj@hawjorwi.pl,Sarah Allen,Female
52,3/1/1995,Didsadceh,el@pahirin.lr,Brandon Johnston,Female
31,8/7/1962,Ivebewu,ke@bucot.ag,Elmer Parsons,Male
51,11/13/1998,Karebez,huwub@mub.bh,Virgie Beck,Female
40,11/1/2003,Osezuwvoc,jovi@fivbez.tt,Teresa Terry,Male
39,12/16/1992,Jofpeute,timlaiwe@etahozod.kz,Jerome Wilson,Female
47,2/21/1987,Lotzeubu,rijazeva@necuti.er,Effie Walton,Female
54,9/16/1996,Codkaczic,keg@oraegobap.mr,Margaret Larson,Female
59,6/17/2001,Nijnaizo,leup@gelulsew.ad,Zachary Little,Male
27,5/15/1999,Hufbibja,be@ewo.cr,Gussie Higgins,Female
53,10/9/1959,Haible,heruce@red.mp,Gary Caldwell,Female
37,12/12/1985,Heimsam,ka@nukogoz.cx,Minnie Alvarez,Male
29,9/1/1977,Durihzuk,coh@tu.lu,Marian Massey,Male
40,10/24/1964,Upiitegu,dowot@ose.dz,Sean Ruiz,Female
58,7/27/2000,Ituelefe,fa@oktopil.la,Lizzie Hunter,Female
50,1/2/2003,Rodomdid,logi@danmudi.it,Walter Reid,Male
29,12/11/1979,Gudkewid,liwe@nuk.cm,Allie Nguyen,Male
49,10/14/1970,Noderoz,nu@iboajo.cr,Chad Pearson,Male
32,1/23/1983,Metedu,dascewful@rud.sk,Tommy Brooks,Female
32,8/27/2001,Kizlavvup,dutgerupo@sip.np,Dylan Lopez,Female
55,1/8/2004,Abujaave,hu@wistop.dj,Theresa Gregory,Male
40,8/6/1974,Forhesrer,togu@nag.bs,Esther Bradley,Female
63,4/17/1998,Saicapa,wum@vekil.lc,Rachel Brewer,Male
47,4/26/1977,Gullonje,bal@palo.pn,Laura Watkins,Male
20,7/3/1976,Acalarav,li@helhec.bv,Phillip Moran,Female
37,5/30/1970,Ubjujzec,hev@judduara.ni,Eric Hudson,Male
58,11/14/1978,Ihagjo,jupahjup@jufaaz.edu,Jerry Warren,Male
28,10/6/1997,Zulikoz,koef@mo.kw,Augusta Banks,Female
22,7/31/2005,Cacgaluf,zevgil@lafsoluc.pe,Winifred Clarke,Male
60,9/5/1982,Sivepa,zub@buj.hk,Lula Perez,Female
58,4/14/1962,Kemohzob,nej@no.gm,Bettie Fernandez,Male
25,12/21/1992,Buzaku,findu@omhakbiz.ad,Ann Jennings,Male
40,12/3/1985,Fuhlodi,ciw@owo.dz,Joel Mason,Male
45,11/28/1981,Dewsozem,coekro@vofeno.ng,Vernon Joseph,Female
24,4/23/1965,Wirzezho,wawdo@onzanug.se,Lula Gibson,Female
18,4/18/1967,Mukwenav,nitowjag@bol.pg,Terry Cunningham,Female
58,11/19/1995,Cowviroz,hutfiaj@eljeid.md,May Morales,Male
45,5/8/1975,Jackivu,itotid@lujputgug.bh,Adeline Snyder,Male
37,2/12/1963,Kezuguwa,obta@nibboun.gn,James Schmidt,Male
52,1/12/2002,Ofokirvi,inja@duhog.bi,Julian Harper,Female
37,10/28/2004,Hizehci,de@jumgak.sn,Rena Christensen,Female
25,9/15/1958,Wonezim,vafmapla@ebecegra.mv,Ola Riley,Female
65,4/30/1972,Solulgo,pa@vejaci.mn,Gary Burgess,Female
23,2/13/1958,Rulvimtec,tolto@coro.hn,Nicholas Conner,Male
49,7/23/1977,Ziockew,sof@ruehuto.gi,Max Stewart,Female
33,6/14/1972,Icgugus,bez@ku.ua,Ian Sims,Female
38,12/30/1978,Belrikez,fofufobe@ferwahu.ax,Nancy Bryan,Female
56,8/5/1981,Hooghin,ciri@vaze.py,Hettie Estrada,Male
22,11/7/2005,Ilwifov,lem@saubupel.gm,Francis Manning,Female
45,7/29/1991,Icucaoco,eklu@mumjelle.cn,Matilda Wolfe,Female
55,8/13/1996,Olzetiz,lovdu@ukkismo.do,Effie Guzman,Male
25,12/24/1986,Cecicane,wir@itije.ws,Cornelia Griffith,Male
54,5/2/1976,Guwuzul,pedfu@obagotel.yt,Jeremiah Horton,Female
53,11/30/1991,Rokmocdov,la@ha.no,Dennis Bennett,Male
35,12/11/1969,Wafavo,oh@waru.bh,Alice Swanson,Female
36,8/7/1979,Ijekikif,iwvetvab@jac.bw,Roy Henry,Male
60,3/4/1967,Oheeneso,lukhes@bevmopipo.am,Lenora Gray,Male
25,6/1/1977,Roguez,co@odtol.ls,Harvey Holt,Female
58,4/8/1978,Lanuzvu,derju@tiru.su,Bernard Warren,Male
55,8/27/1974,Jigufnin,ubevirho@toukove.de,Ruth Hanson,Female
55,4/2/1988,Oredate,bidlegu@ago.ag,Norman Griffin,Female
19,4/1/1974,Hekjeju,war@cag.de,Leona Perry,Male
63,12/24/1959,Bijlagu,go@kadji.sc,Terry Singleton,Male
46,6/5/1968,Zufivib,wawurki@di.tl,Ernest Patterson,Male
53,10/18/1981,Gujogeh,ludew@vuhwimjit.pr,Elsie Alvarez,Female
38,8/24/1995,Kagnajves,rutav@jilopmab.la,Joshua Patrick,Female
59,12/12/1981,Dotgumu,movetoc@om.na,Edna McDaniel,Female
37,7/6/1967,Wawfaej,vemonve@jibdawte.sx,Alan Herrera,Female
26,6/21/2000,Tokiew,ji@saisco.am,Steve Wagner,Female
62,8/7/1973,Luvlupfa,zihpeh@al.ls,Gary Atkins,Male
56,10/19/1993,Baljenje,zaluceja@gomoflug.tf,Dora Love,Female
27,1/3/2000,Wojozip,za@pejole.fo,Anthony Wright,Female
26,5/13/1974,Noudhu,le@ilizurrah.ge,Jayden Sherman,Male
26,2/2/1994,Fevpokek,rulma@jel.jp,Marian Bell,Male
52,7/23/1999,Okacake,ugjip@woowu.cm,Madge Moran,Female
36,7/5/2000,Egfeto,zup@duaku.ee,Willie Harmon,Male
61,6/9/1969,Lanlukdi,zuv@mactolhos.nl,Seth Atkins,Male
42,5/17/1981,Suziki,apuzud@von.net,Jesus Floyd,Male
34,3/17/1991,Ijfaara,huhilsun@ipiji.id,Jerry Flores,Male
50,1/21/1990,Akomaza,on@cahjuc.gq,Herbert McCoy,Male
41,9/25/2001,Unofivuf,wibvuzcu@huziked.ws,Roxie Adams,Male
20,3/22/2001,Kumfued,durdec@hogwulha.jo,Willie West,Male
18,1/1/1966,Mecgezboh,il@ej.bo,Sylvia Caldwell,Male
31,2/17/1962,Natampe,wobpi@ujuwofze.ps,Flora Chavez,Female
35,3/11/2003,Mosdalec,tepe@meob.yt,Albert Ruiz,Female
21,10/11/2003,Tawagje,udaeluizo@tozimave.tp,Violet Holt,Female
18,10/11/1992,Zotrate,nemi@lerbur.no,James Dean,Male
58,3/12/1999,Zofubuku,fo@jujdu.ca,Jean Ortiz,Female
56,6/17/1971,Jobbedam,lomecfof@nupus.lk,Gerald Berry,Female
28,9/15/1968,Naduhad,viropol@mi.ni,Lydia Harvey,Female
28,1/13/1959,Lemeve,zijuh@borac.ht,Andre Franklin,Female
55,9/22/1979,Jivnodug,gu@nuzba.pl,Nora Doyle,Male
46,11/4/1974,Damazo,ermeb@zeoke.mp,Richard Joseph,Male
62,3/25/1994,Miitgo,ju@ono.ag,Henry Clarke,Female
63,7/3/1987,Boscaeli,zukidu@juhu.io,Danny Stephens,Male
50,7/7/1995,Hogorufo,unuazoke@evjepus.cw,Seth McLaughlin,Female
42,9/16/2004,Giweej,numekfo@pujime.mr,Inez George,Male
30,12/26/1990,Gilmomo,vi@edfa.bm,Gussie Armstrong,Male
36,6/22/1976,Ruflewe,gaztisup@hidaz.hu,Luis Garza,Female
51,1/5/1983,Jozpugcan,omefuju@sipujaw.mh,Chris Gonzales,Male
49,4/13/1998,Ughavjar,alohehod@ga.vn,Steven Alexander,Male
39,5/19/1966,Edamiwpab,inbut@bilnaj.bv,Lola Becker,Female
37,5/12/2001,Hatuum,kopfarut@jetezhu.kn,Beatrice Chavez,Male
36,10/8/1965,Mozuvud,si@loimikin.kz,Andrew Warren,Female
65,4/26/1961,Giragba,navuwab@gep.kn,Corey Hamilton,Female
32,2/4/1988,Obtawcew,ahnobpul@rolep.so,Nancy Terry,Female
58,7/15/1977,Elosuif,enkuvu@douse.iq,Rena Buchanan,Male
57,5/11/1976,Deupjas,iguvafe@wacolir.dz,Jeanette Willis,Female
38,11/17/1964,Jognuluv,wagseaki@mil.ca,Lucille Owens,Male
31,10/6/1989,Cubiih,dakdivaro@afo.mo,Grace Lamb,Female
64,8/2/1984,Secacral,moja@huf.ca,Lillie Woods,Male
65,9/8/1979,Etaojre,tu@kehigi.aq,Dora Fleming,Male
48,6/1/1995,Kalekozif,aneivaob@gauf.km,William Webb,Female
25,8/26/1986,Ipbofre,cumteeto@inazip.nf,Danny Swanson,Female
47,2/2/1997,Teunuuc,fu@fot.dm,Rachel Gomez,Female
63,6/11/1985,Reujiog,go@kik.mr,Earl Reed,Female
49,7/8/1975,Huvcube,wijwoda@uzbu.fm,Bernice Hunt,Female
53,10/6/2005,Ojovifid,hej@ubere.pr,Justin Chandler,Male
63,12/9/1990,Weczoso,ces@vunfov.ss,Maud Hoffman,Female
53,2/23/1959,Kalecpo,wefkavtuc@iftec.kh,Thomas Nelson,Female
43,1/20/1981,Fiphifwen,owbig@bafog.fk,Melvin Watkins,Female
54,2/22/1979,Jecocciw,dezibzu@fapuni.kn,Bertha Walton,Female
34,7/11/1990,Neevawew,se@gur.org,Francis Davis,Female
55,7/17/1983,Rafacow,rogwad@jagofu.aw,Flora Burgess,Female
37,7/28/1999,Pehlocza,cosanlol@nissifod.ec,Steven Thornton,Female
33,10/30/2005,Mimjajso,tuadeno@pa.it,Clara Reyes,Male
31,6/26/1983,Fekurso,jewcencel@ril.ao,Isabella Thornton,Female
30,8/12/1986,Gohaca,tidek@bevijeuco.tc,Harvey Zimmerman,Female
63,3/23/1985,Ofoetrat,rogfug@urcuw.bs,Donald Johnson,Female
49,5/21/1978,Refakbav,vo@jonew.es,Dylan Hansen,Male
50,1/9/1992,Tusarego,ror@juhejme.je,Gilbert Bryan,Male
22,11/9/1986,Fedwaac,ivuzumag@vu.tg,Clayton Matthews,Male
38,6/29/1964,Zussaspaz,ite@funihub.mw,Jonathan Zimmerman,Male
28,10/3/1993,Ecaokima,bo@tugwujov.io,Theodore Wells,Female
20,5/18/1986,Ufunvu,ku@oda.td,Jared Duncan,Male
22,10/19/2001,Kuzeam,iwrehigi@vancin.ke,Martin Porter,Male
20,7/16/1971,Ifinadiz,siges@sodsud.bq,Angel Reynolds,Female
39,7/5/2001,Aharehat,jih@ar.tm,Sarah Parsons,Female
30,5/29/1975,Ticdonad,wegvu@ujhit.ad,Josie Griffith,Male
38,6/17/1968,Himuslav,tovmesosu@zo.wf,Gilbert Barnes,Male
22,9/1/1959,Oknokas,zehgene@hop.kn,Maude Newton,Male
41,7/11/1959,Lasugnuf,home@hovhor.fo,Bernard Bates,Female
55,7/2/1968,Umesefu,dialjaj@miforih.tg,Elsie Scott,Female
29,10/25/1978,Ilbobha,cocozvut@se.ng,Marcus Brewer,Male
52,11/10/1961,Jekebu,gi@ukalicow.mx,Rosa Ramos,Male
60,7/1/1999,Gansoako,adfeiwi@wu.gr,Florence King,Male
25,6/2/1976,Tiwhiat,av@fet.za,Peter Singleton,Female
64,6/11/1974,Wipgocfe,wagjod@udi.pf,Adelaide Figueroa,Male
22,10/26/1962,Cippihit,enafus@tahuku.lv,Adrian Rivera,Male
49,7/16/1970,Dokgerid,azoura@sabibwef.ni,Mabelle Boyd,Female
27,5/22/1968,Pegazi,arolezgos@re.ru,Belle Cruz,Female
39,12/13/1981,Jetmufbo,tagu@joucra.tj,Corey Newman,Male
21,6/25/2002,Anaacfa,nivli@wedo.tm,Gertrude Berry,Female
32,1/10/1986,Ujadeju,le@mawloir.at,Elizabeth Adkins,Male
63,12/17/1979,Tudeves,rovaj@sehimapa.nu,Leona Garner,Male
18,11/3/1960,Tesigece,nuntosfa@alaim.td,Leonard Gardner,Male
24,7/8/1970,Govivom,faj@kapdi.it,Lewis Snyder,Male
63,10/21/2004,Pujjedoki,ekwa@du.bt,Cordelia Rivera,Female
19,6/9/2001,Zorage,kiduc@dilma.np,Marc Jimenez,Male
51,12/24/1959,Ucezahrih,ugjiclo@nide.pk,Ina Herrera,Male
42,2/27/1965,Fuzale,hu@tob.in,Cordelia Stevens,Female
19,4/3/1980,Kamfocbil,zu@lusupu.org,Chase Underwood,Female
41,2/6/1974,Zufleid,viri@dutok.ae,Violet Benson,Male
38,4/9/2004,Seludiduc,ewpo@russew.ml,Rosie Wright,Male
34,3/28/1971,Enmutol,lih@serje.uk,Curtis Stevens,Female
61,12/9/2005,Oghakveb,jup@gurisu.hr,Laura Summers,Female
21,8/28/2001,Okhughon,arze@misoj.fi,Georgie Barker,Female
45,6/12/2005,Pezliwcet,rokoz@zit.np,Scott Hale,Male
37,8/11/1958,Gatihi,koz@pubaz.tm,Barbara Santos,Female
45,5/17/1991,Zuzoigo,zi@re.kw,Chase Clayton,Female
30,5/12/1985,Gobehsa,lutpik@vo.gp,Agnes Frank,Female
36,1/28/1993,Simluez,hulav@jikaf.cl,Helena Taylor,Female
19,12/2/1966,Ehewidi,wi@mepunan.qa,Randall Williams,Female
24,9/5/1995,Touherir,vazoflip@uva.es,Gussie Singleton,Male
50,5/27/1971,Epehidum,pagid@sonac.cx,Carl Freeman,Male
43,1/1/1961,Obuvades,gehnefoc@vunup.bv,Leonard Butler,Male
25,3/5/1974,Huhemuki,cazfa@ufzo.aw,Beulah Rose,Female
59,4/12/1973,Lugbavon,foptut@adluvas.ms,Ella Fisher,Female
38,12/22/1973,Ikjazwo,adici@geze.mv,Kyle Patrick,Female
